<?xml version="1.0" encoding="UTF-8"?>
<?xml-stylesheet type="text/xsl" href="configuration.xsl"?>
<configuration>
	<property>
  		<name>fs.swift.impl</name>
  		<value>org.apache.hadoop.fs.swift.snative.SwiftNativeFileSystem</value>
  		<description>File system implementation for Swift</description>
	</property>
	<property>
  		<name>fs.swift.blocksize</name>
  		<value>131072</value>
  		<description>Split size in KB</description>
	</property>
	<property>
  		<name>fs.swift.service.smack.auth.url</name>
  			<value>https://keystone-yyc.cloud.cybera.ca:5000/v2.0/tokens</value>
  			<description>Keystone authenticaiton URL</description>
	</property>
	<property>
  		<name>fs.swift.service.smack.region</name>
  		<value>Calgary</value>
  		<description>Region name</description>
	</property>
	<property>
  		<name>fs.swift.service.smack.tenant</name>
  		<value>SMACK</value>
  		<description>Tenant name</description>
	</property>
	<property>
  		<name>fs.swift.service.smack.username</name>
  		<value>confidential.inc@gmail.com</value>
	</property>
	<property>
  		<name>fs.swift.service.smack.password</name>
  		<value>Hacker0013</value>
	</property>
	<property>
		<name>fs.swift.service.smack.public</name>
		<value>true</value>
	</property>
	<property>
  		<name>fs.swift.service.smack.location-aware</name>
  		<value>true</value>
  		<description>Flag to enable location-aware computing</description>
	</property>
	<property>
		<name>fs.swift.partsize</name>
		<value>512</value>
		<description>upload every half MB</description>
	</property>
	<property>
		<name>fs.swift.requestsize</name>
		<value>128</value>
	</property>
	<property>
		<name>fs.swift.connect.timeout</name>
		<value>10000</value>
	</property>
	<property>
		<name>fs.swift.socket.timeout</name>
		<value>10000</value>
	</property>
	<property>
		<name>fs.swift.connect.retry.count</name>
		<value>4</value>
	</property>
	<property>
		<name>fs.swift.connect.throttle.delay</name>
		<value>0</value>
	</property>
</configuration>