<?xml version="1.0" standalone="no"?>
<?xml-stylesheet type="text/xsl" href="file:///C:/Analog Devices/CrossCore Embedded Studio 1.1.0/System/linker_log.xsl"?>
<DOCUMENT gen_time='Thu Oct 16 19:33:27 2014
'>
<MSG id='03B1D578' mid='li2050' type='Warning' suppressed=''>
<TEXT><![CDATA[Symbol '_btowc' is defined in more than one library.
        Defined in:     libio.dlb[widechar.doj]
        Redefined in:   libc.dlb[btowc.doj]
        Definition from libio.dlb[widechar.doj] will be used.]]></TEXT>
</MSG>
<MSG id='03B53870' mid='li2050' type='Warning' suppressed=''>
<TEXT><![CDATA[Symbol '_clearerr' is defined in more than one library.
        Defined in:     libio.dlb[clearerr.doj]
        Redefined in:   libc.dlb[clearerr.doj]
        Definition from libio.dlb[clearerr.doj] will be used.]]></TEXT>
</MSG>
<MSG id='03B53A40' mid='li2050' type='Warning' suppressed=''>
<TEXT><![CDATA[Symbol '_fclose' is defined in more than one library.
        Defined in:     libio.dlb[fclose.doj]
        Redefined in:   libc.dlb[fclose.doj]
        Definition from libio.dlb[fclose.doj] will be used.]]></TEXT>
</MSG>
<MSG id='03B53C10' mid='li2050' type='Warning' suppressed=''>
<TEXT><![CDATA[Symbol '_feof' is defined in more than one library.
        Defined in:     libio.dlb[eof.doj]
        Redefined in:   libc.dlb[feof.doj]
        Definition from libio.dlb[eof.doj] will be used.]]></TEXT>
</MSG>
<MSG id='03B53DE0' mid='li2050' type='Warning' suppressed=''>
<TEXT><![CDATA[Symbol '_ferror' is defined in more than one library.
        Defined in:     libio.dlb[ferror.doj]
        Redefined in:   libc.dlb[ferror.doj]
        Definition from libio.dlb[ferror.doj] will be used.]]></TEXT>
</MSG>
<MSG id='03B53FB0' mid='li2050' type='Warning' suppressed=''>
<TEXT><![CDATA[Symbol '_fflush' is defined in more than one library.
        Defined in:     libio.dlb[fflush.doj]
        Redefined in:   libc.dlb[fflush.doj]
        Definition from libio.dlb[fflush.doj] will be used.]]></TEXT>
</MSG>
<MSG id='03B54180' mid='li2050' type='Warning' suppressed=''>
<TEXT><![CDATA[Symbol '_fgetc' is defined in more than one library.
        Defined in:     libio.dlb[fgetc.doj]
        Redefined in:   libc.dlb[fgetc.doj]
        Definition from libio.dlb[fgetc.doj] will be used.]]></TEXT>
</MSG>
<MSG id='03B54350' mid='li2050' type='Warning' suppressed=''>
<TEXT><![CDATA[Symbol '_fgetpos' is defined in more than one library.
        Defined in:     libio.dlb[fgetpos.doj]
        Redefined in:   libc.dlb[fgetpos.doj]
        Definition from libio.dlb[fgetpos.doj] will be used.]]></TEXT>
</MSG>
<MSG id='03B54520' mid='li2050' type='Warning' suppressed=''>
<TEXT><![CDATA[Symbol '_fgets' is defined in more than one library.
        Defined in:     libio.dlb[fgets.doj]
        Redefined in:   libc.dlb[fgets.doj]
        Definition from libio.dlb[fgets.doj] will be used.]]></TEXT>
</MSG>
<MSG id='03B546F0' mid='li2050' type='Warning' suppressed=''>
<TEXT><![CDATA[Symbol '_fgetwc' is defined in more than one library.
        Defined in:     libio.dlb[widechar.doj]
        Redefined in:   libc.dlb[fgetwc.doj]
        Definition from libio.dlb[widechar.doj] will be used.]]></TEXT>
</MSG>
<MSG id='03B548C0' mid='li2050' type='Warning' suppressed=''>
<TEXT><![CDATA[Symbol '_fgetws' is defined in more than one library.
        Defined in:     libio.dlb[widechar.doj]
        Redefined in:   libc.dlb[fgetws.doj]
        Definition from libio.dlb[widechar.doj] will be used.]]></TEXT>
</MSG>
<MSG id='03B54A90' mid='li2050' type='Warning' suppressed=''>
<TEXT><![CDATA[Symbol '_fopen' is defined in more than one library.
        Defined in:     libio.dlb[fopen.doj]
        Redefined in:   libc.dlb[fopen.doj]
        Definition from libio.dlb[fopen.doj] will be used.]]></TEXT>
</MSG>
<MSG id='03B54C60' mid='li2050' type='Warning' suppressed=''>
<TEXT><![CDATA[Symbol '_fprintf' is defined in more than one library.
        Defined in:     libio.dlb[fprintf_32.doj]
        Redefined in:   libc.dlb[fprintf32.doj]
        Definition from libio.dlb[fprintf_32.doj] will be used.]]></TEXT>
</MSG>
<MSG id='03B54E30' mid='li2050' type='Warning' suppressed=''>
<TEXT><![CDATA[Symbol '__fprintf64' is defined in more than one library.
        Defined in:     libio.dlb[fprintf_64.doj]
        Redefined in:   libc.dlb[fprintf64.doj]
        Definition from libio.dlb[fprintf_64.doj] will be used.]]></TEXT>
</MSG>
<MSG id='03B55070' mid='li2050' type='Warning' suppressed=''>
<TEXT><![CDATA[Symbol '_fputc' is defined in more than one library.
        Defined in:     libio.dlb[fputc.doj]
        Redefined in:   libc.dlb[fputc.doj]
        Definition from libio.dlb[fputc.doj] will be used.]]></TEXT>
</MSG>
<MSG id='03B55240' mid='li2050' type='Warning' suppressed=''>
<TEXT><![CDATA[Symbol '_fputs' is defined in more than one library.
        Defined in:     libio.dlb[fputs.doj]
        Redefined in:   libc.dlb[fputs.doj]
        Definition from libio.dlb[fputs.doj] will be used.]]></TEXT>
</MSG>
<MSG id='03B55428' mid='li2050' type='Warning' suppressed=''>
<TEXT><![CDATA[Symbol '_fputwc' is defined in more than one library.
        Defined in:     libio.dlb[widechar.doj]
        Redefined in:   libc.dlb[fputwc.doj]
        Definition from libio.dlb[widechar.doj] will be used.]]></TEXT>
</MSG>
<MSG id='03B55518' mid='li2050' type='Warning' suppressed=''>
<TEXT><![CDATA[Symbol '_fputws' is defined in more than one library.
        Defined in:     libio.dlb[widechar.doj]
        Redefined in:   libc.dlb[fputws.doj]
        Definition from libio.dlb[widechar.doj] will be used.]]></TEXT>
</MSG>
<MSG id='03B55608' mid='li2050' type='Warning' suppressed=''>
<TEXT><![CDATA[Symbol '_fread' is defined in more than one library.
        Defined in:     libio.dlb[fread.doj]
        Redefined in:   libc.dlb[fread.doj]
        Definition from libio.dlb[fread.doj] will be used.]]></TEXT>
</MSG>
<MSG id='03B556F8' mid='li2050' type='Warning' suppressed=''>
<TEXT><![CDATA[Symbol '_freopen' is defined in more than one library.
        Defined in:     libio.dlb[freopen.doj]
        Redefined in:   libc.dlb[freopen.doj]
        Definition from libio.dlb[freopen.doj] will be used.]]></TEXT>
</MSG>
<MSG id='03B557E8' mid='li2050' type='Warning' suppressed=''>
<TEXT><![CDATA[Symbol '_fscanf' is defined in more than one library.
        Defined in:     libio.dlb[fscanf_32.doj]
        Redefined in:   libc.dlb[fscanf32.doj]
        Definition from libio.dlb[fscanf_32.doj] will be used.]]></TEXT>
</MSG>
<MSG id='03B558D8' mid='li2050' type='Warning' suppressed=''>
<TEXT><![CDATA[Symbol '__fscanf64' is defined in more than one library.
        Defined in:     libio.dlb[fscanf_64.doj]
        Redefined in:   libc.dlb[fscanf64.doj]
        Definition from libio.dlb[fscanf_64.doj] will be used.]]></TEXT>
</MSG>
<MSG id='03B559C8' mid='li2050' type='Warning' suppressed=''>
<TEXT><![CDATA[Symbol '_fseek' is defined in more than one library.
        Defined in:     libio.dlb[fseek.doj]
        Redefined in:   libc.dlb[fseek.doj]
        Definition from libio.dlb[fseek.doj] will be used.]]></TEXT>
</MSG>
<MSG id='03B55AB8' mid='li2050' type='Warning' suppressed=''>
<TEXT><![CDATA[Symbol '_fsetpos' is defined in more than one library.
        Defined in:     libio.dlb[fsetpos.doj]
        Redefined in:   libc.dlb[fsetpos.doj]
        Definition from libio.dlb[fsetpos.doj] will be used.]]></TEXT>
</MSG>
<MSG id='03B55BA8' mid='li2050' type='Warning' suppressed=''>
<TEXT><![CDATA[Symbol '_ftell' is defined in more than one library.
        Defined in:     libio.dlb[ftell.doj]
        Redefined in:   libc.dlb[ftell.doj]
        Definition from libio.dlb[ftell.doj] will be used.]]></TEXT>
</MSG>
<MSG id='03B55C98' mid='li2050' type='Warning' suppressed=''>
<TEXT><![CDATA[Symbol '_fwide' is defined in more than one library.
        Defined in:     libio.dlb[widechar.doj]
        Redefined in:   libc.dlb[fwide.doj]
        Definition from libio.dlb[widechar.doj] will be used.]]></TEXT>
</MSG>
<MSG id='03B55D88' mid='li2050' type='Warning' suppressed=''>
<TEXT><![CDATA[Symbol '_fwprintf' is defined in more than one library.
        Defined in:     libio.dlb[widechar.doj]
        Redefined in:   libc.dlb[fwprintf32.doj]
        Definition from libio.dlb[widechar.doj] will be used.]]></TEXT>
</MSG>
<MSG id='03B55E78' mid='li2050' type='Warning' suppressed=''>
<TEXT><![CDATA[Symbol '__fwprintf64' is defined in more than one library.
        Defined in:     libio.dlb[widechar.doj]
        Redefined in:   libc.dlb[fwprintf64.doj]
        Definition from libio.dlb[widechar.doj] will be used.]]></TEXT>
</MSG>
<MSG id='03B55F68' mid='li2050' type='Warning' suppressed=''>
<TEXT><![CDATA[Symbol '_fwrite' is defined in more than one library.
        Defined in:     libio.dlb[fwrite.doj]
        Redefined in:   libc.dlb[fwrite.doj]
        Definition from libio.dlb[fwrite.doj] will be used.]]></TEXT>
</MSG>
<MSG id='03B56058' mid='li2050' type='Warning' suppressed=''>
<TEXT><![CDATA[Symbol '_fwscanf' is defined in more than one library.
        Defined in:     libio.dlb[widechar.doj]
        Redefined in:   libc.dlb[fwscanf32.doj]
        Definition from libio.dlb[widechar.doj] will be used.]]></TEXT>
</MSG>
<MSG id='03B56148' mid='li2050' type='Warning' suppressed=''>
<TEXT><![CDATA[Symbol '__fwscanf64' is defined in more than one library.
        Defined in:     libio.dlb[widechar.doj]
        Redefined in:   libc.dlb[fwscanf64.doj]
        Definition from libio.dlb[widechar.doj] will be used.]]></TEXT>
</MSG>
<MSG id='03B56238' mid='li2050' type='Warning' suppressed=''>
<TEXT><![CDATA[Symbol '_getc' is defined in more than one library.
        Defined in:     libio.dlb[getc.doj]
        Redefined in:   libc.dlb[getc.doj]
        Definition from libio.dlb[getc.doj] will be used.]]></TEXT>
</MSG>
<MSG id='03B56328' mid='li2050' type='Warning' suppressed=''>
<TEXT><![CDATA[Symbol '_getchar' is defined in more than one library.
        Defined in:     libio.dlb[getchar.doj]
        Redefined in:   libc.dlb[getchar.doj]
        Definition from libio.dlb[getchar.doj] will be used.]]></TEXT>
</MSG>
<MSG id='03B56418' mid='li2050' type='Warning' suppressed=''>
<TEXT><![CDATA[Symbol '_gets' is defined in more than one library.
        Defined in:     libio.dlb[gets.doj]
        Redefined in:   libc.dlb[gets.doj]
        Definition from libio.dlb[gets.doj] will be used.]]></TEXT>
</MSG>
<MSG id='03B56508' mid='li2050' type='Warning' suppressed=''>
<TEXT><![CDATA[Symbol '_getwc' is defined in more than one library.
        Defined in:     libio.dlb[widechar.doj]
        Redefined in:   libc.dlb[getwc.doj]
        Definition from libio.dlb[widechar.doj] will be used.]]></TEXT>
</MSG>
<MSG id='03B565F8' mid='li2050' type='Warning' suppressed=''>
<TEXT><![CDATA[Symbol '_getwchar' is defined in more than one library.
        Defined in:     libio.dlb[widechar.doj]
        Redefined in:   libc.dlb[getwchar.doj]
        Definition from libio.dlb[widechar.doj] will be used.]]></TEXT>
</MSG>
<MSG id='03B566E8' mid='li2050' type='Warning' suppressed=''>
<TEXT><![CDATA[Symbol '_mbrlen' is defined in more than one library.
        Defined in:     libio.dlb[widechar.doj]
        Redefined in:   libc.dlb[mbrlen.doj]
        Definition from libio.dlb[widechar.doj] will be used.]]></TEXT>
</MSG>
<MSG id='03B567D8' mid='li2050' type='Warning' suppressed=''>
<TEXT><![CDATA[Symbol '_mbrtowc' is defined in more than one library.
        Defined in:     libio.dlb[widechar.doj]
        Redefined in:   libc.dlb[mbrtowc.doj]
        Definition from libio.dlb[widechar.doj] will be used.]]></TEXT>
</MSG>
<MSG id='03B568C8' mid='li2050' type='Warning' suppressed=''>
<TEXT><![CDATA[Symbol '_mbsinit' is defined in more than one library.
        Defined in:     libio.dlb[widechar.doj]
        Redefined in:   libc.dlb[mbsinit.doj]
        Definition from libio.dlb[widechar.doj] will be used.]]></TEXT>
</MSG>
<MSG id='03B569B8' mid='li2050' type='Warning' suppressed=''>
<TEXT><![CDATA[Symbol '_mbsrtowcs' is defined in more than one library.
        Defined in:     libio.dlb[widechar.doj]
        Redefined in:   libc.dlb[mbsrtowc.doj]
        Definition from libio.dlb[widechar.doj] will be used.]]></TEXT>
</MSG>
<MSG id='03B56AA8' mid='li2050' type='Warning' suppressed=''>
<TEXT><![CDATA[Symbol '_printf' is defined in more than one library.
        Defined in:     libio.dlb[printf_32.doj]
        Redefined in:   libc.dlb[printf32.doj]
        Definition from libio.dlb[printf_32.doj] will be used.]]></TEXT>
</MSG>
<MSG id='03B56B98' mid='li2050' type='Warning' suppressed=''>
<TEXT><![CDATA[Symbol '__printf64' is defined in more than one library.
        Defined in:     libio.dlb[printf_64.doj]
        Redefined in:   libc.dlb[printf64.doj]
        Definition from libio.dlb[printf_64.doj] will be used.]]></TEXT>
</MSG>
<MSG id='03B56C88' mid='li2050' type='Warning' suppressed=''>
<TEXT><![CDATA[Symbol '_putc' is defined in more than one library.
        Defined in:     libio.dlb[putc.doj]
        Redefined in:   libc.dlb[putc.doj]
        Definition from libio.dlb[putc.doj] will be used.]]></TEXT>
</MSG>
<MSG id='03B56D78' mid='li2050' type='Warning' suppressed=''>
<TEXT><![CDATA[Symbol '_putchar' is defined in more than one library.
        Defined in:     libio.dlb[putchar.doj]
        Redefined in:   libc.dlb[putchar.doj]
        Definition from libio.dlb[putchar.doj] will be used.]]></TEXT>
</MSG>
<MSG id='03B56E68' mid='li2050' type='Warning' suppressed=''>
<TEXT><![CDATA[Symbol '_puts' is defined in more than one library.
        Defined in:     libio.dlb[puts.doj]
        Redefined in:   libc.dlb[puts.doj]
        Definition from libio.dlb[puts.doj] will be used.]]></TEXT>
</MSG>
<MSG id='03B56F58' mid='li2050' type='Warning' suppressed=''>
<TEXT><![CDATA[Symbol '_putwc' is defined in more than one library.
        Defined in:     libio.dlb[widechar.doj]
        Redefined in:   libc.dlb[putwc.doj]
        Definition from libio.dlb[widechar.doj] will be used.]]></TEXT>
</MSG>
<MSG id='03B57048' mid='li2050' type='Warning' suppressed=''>
<TEXT><![CDATA[Symbol '_putwchar' is defined in more than one library.
        Defined in:     libio.dlb[widechar.doj]
        Redefined in:   libc.dlb[putwchar.doj]
        Definition from libio.dlb[widechar.doj] will be used.]]></TEXT>
</MSG>
<MSG id='03B57138' mid='li2050' type='Warning' suppressed=''>
<TEXT><![CDATA[Symbol '_remove' is defined in more than one library.
        Defined in:     libio.dlb[remove.doj]
        Redefined in:   libc.dlb[remove.doj]
        Definition from libio.dlb[remove.doj] will be used.]]></TEXT>
</MSG>
<MSG id='03B57228' mid='li2050' type='Warning' suppressed=''>
<TEXT><![CDATA[Symbol '_rename' is defined in more than one library.
        Defined in:     libio.dlb[rename.doj]
        Redefined in:   libc.dlb[rename.doj]
        Definition from libio.dlb[rename.doj] will be used.]]></TEXT>
</MSG>
<MSG id='03B57318' mid='li2050' type='Warning' suppressed=''>
<TEXT><![CDATA[Symbol '_rewind' is defined in more than one library.
        Defined in:     libio.dlb[rewind.doj]
        Redefined in:   libc.dlb[rewind.doj]
        Definition from libio.dlb[rewind.doj] will be used.]]></TEXT>
</MSG>
<MSG id='03B6C318' mid='li2050' type='Warning' suppressed=''>
<TEXT><![CDATA[Symbol '_scanf' is defined in more than one library.
        Defined in:     libio.dlb[scanf_32.doj]
        Redefined in:   libc.dlb[scanf32.doj]
        Definition from libio.dlb[scanf_32.doj] will be used.]]></TEXT>
</MSG>
<MSG id='03B6C408' mid='li2050' type='Warning' suppressed=''>
<TEXT><![CDATA[Symbol '__scanf64' is defined in more than one library.
        Defined in:     libio.dlb[scanf_64.doj]
        Redefined in:   libc.dlb[scanf64.doj]
        Definition from libio.dlb[scanf_64.doj] will be used.]]></TEXT>
</MSG>
<MSG id='03B6C4F8' mid='li2050' type='Warning' suppressed=''>
<TEXT><![CDATA[Symbol '_setbuf' is defined in more than one library.
        Defined in:     libio.dlb[setbuf.doj]
        Redefined in:   libc.dlb[setbuf.doj]
        Definition from libio.dlb[setbuf.doj] will be used.]]></TEXT>
</MSG>
<MSG id='03B6C5E8' mid='li2050' type='Warning' suppressed=''>
<TEXT><![CDATA[Symbol '_setvbuf' is defined in more than one library.
        Defined in:     libio.dlb[setvbuf.doj]
        Redefined in:   libc.dlb[setvbuf.doj]
        Definition from libio.dlb[setvbuf.doj] will be used.]]></TEXT>
</MSG>
<MSG id='03B6C6D8' mid='li2050' type='Warning' suppressed=''>
<TEXT><![CDATA[Symbol '_snprintf' is defined in more than one library.
        Defined in:     libio.dlb[snprintf_32.doj]
        Redefined in:   libc.dlb[snprintf32.doj]
        Definition from libio.dlb[snprintf_32.doj] will be used.]]></TEXT>
</MSG>
<MSG id='03B6C7C8' mid='li2050' type='Warning' suppressed=''>
<TEXT><![CDATA[Symbol '__snprintf64' is defined in more than one library.
        Defined in:     libio.dlb[snprintf_64.doj]
        Redefined in:   libc.dlb[snprintf64.doj]
        Definition from libio.dlb[snprintf_64.doj] will be used.]]></TEXT>
</MSG>
<MSG id='03B6C8B8' mid='li2050' type='Warning' suppressed=''>
<TEXT><![CDATA[Symbol '_sprintf' is defined in more than one library.
        Defined in:     libio.dlb[sprintf_32.doj]
        Redefined in:   libc.dlb[sprintf32.doj]
        Definition from libio.dlb[sprintf_32.doj] will be used.]]></TEXT>
</MSG>
<MSG id='03B6C9A8' mid='li2050' type='Warning' suppressed=''>
<TEXT><![CDATA[Symbol '__sprintf64' is defined in more than one library.
        Defined in:     libio.dlb[sprintf_64.doj]
        Redefined in:   libc.dlb[sprintf64.doj]
        Definition from libio.dlb[sprintf_64.doj] will be used.]]></TEXT>
</MSG>
<MSG id='03B6CA98' mid='li2050' type='Warning' suppressed=''>
<TEXT><![CDATA[Symbol '_sscanf' is defined in more than one library.
        Defined in:     libio.dlb[sscanf_32.doj]
        Redefined in:   libc.dlb[sscanf32.doj]
        Definition from libio.dlb[sscanf_32.doj] will be used.]]></TEXT>
</MSG>
<MSG id='03B6CB88' mid='li2050' type='Warning' suppressed=''>
<TEXT><![CDATA[Symbol '__sscanf64' is defined in more than one library.
        Defined in:     libio.dlb[sscanf_64.doj]
        Redefined in:   libc.dlb[sscanf64.doj]
        Definition from libio.dlb[sscanf_64.doj] will be used.]]></TEXT>
</MSG>
<MSG id='03B6CC78' mid='li2050' type='Warning' suppressed=''>
<TEXT><![CDATA[Symbol '_swprintf' is defined in more than one library.
        Defined in:     libio.dlb[widechar.doj]
        Redefined in:   libc.dlb[swprintf32.doj]
        Definition from libio.dlb[widechar.doj] will be used.]]></TEXT>
</MSG>
<MSG id='03B6CD68' mid='li2050' type='Warning' suppressed=''>
<TEXT><![CDATA[Symbol '__swprintf64' is defined in more than one library.
        Defined in:     libio.dlb[widechar.doj]
        Redefined in:   libc.dlb[swprintf64.doj]
        Definition from libio.dlb[widechar.doj] will be used.]]></TEXT>
</MSG>
<MSG id='03B6CE58' mid='li2050' type='Warning' suppressed=''>
<TEXT><![CDATA[Symbol '_swscanf' is defined in more than one library.
        Defined in:     libio.dlb[widechar.doj]
        Redefined in:   libc.dlb[swscanf32.doj]
        Definition from libio.dlb[widechar.doj] will be used.]]></TEXT>
</MSG>
<MSG id='03B6CF48' mid='li2050' type='Warning' suppressed=''>
<TEXT><![CDATA[Symbol '__swscanf64' is defined in more than one library.
        Defined in:     libio.dlb[widechar.doj]
        Redefined in:   libc.dlb[swscanf64.doj]
        Definition from libio.dlb[widechar.doj] will be used.]]></TEXT>
</MSG>
<MSG id='03B6D038' mid='li2050' type='Warning' suppressed=''>
<TEXT><![CDATA[Symbol '_ungetc' is defined in more than one library.
        Defined in:     libio.dlb[ungetc.doj]
        Redefined in:   libc.dlb[ungetc.doj]
        Definition from libio.dlb[ungetc.doj] will be used.]]></TEXT>
</MSG>
<MSG id='03B6D128' mid='li2050' type='Warning' suppressed=''>
<TEXT><![CDATA[Symbol '_ungetwc' is defined in more than one library.
        Defined in:     libio.dlb[widechar.doj]
        Redefined in:   libc.dlb[ungetwc.doj]
        Definition from libio.dlb[widechar.doj] will be used.]]></TEXT>
</MSG>
<MSG id='03B6D218' mid='li2050' type='Warning' suppressed=''>
<TEXT><![CDATA[Symbol '_wcstod' is defined in more than one library.
        Defined in:     libio.dlb[widechar.doj]
        Redefined in:   libc.dlb[v35_wstod.doj]
        Definition from libio.dlb[widechar.doj] will be used.]]></TEXT>
</MSG>
<MSG id='03B6D308' mid='li2050' type='Warning' suppressed=''>
<TEXT><![CDATA[Symbol '_vfprintf' is defined in more than one library.
        Defined in:     libio.dlb[vfprintf_32.doj]
        Redefined in:   libc.dlb[vfprintf32.doj]
        Definition from libio.dlb[vfprintf_32.doj] will be used.]]></TEXT>
</MSG>
<MSG id='03B6D3F8' mid='li2050' type='Warning' suppressed=''>
<TEXT><![CDATA[Symbol '__vfprintf64' is defined in more than one library.
        Defined in:     libio.dlb[vfprintf_64.doj]
        Redefined in:   libc.dlb[vfprintf64.doj]
        Definition from libio.dlb[vfprintf_64.doj] will be used.]]></TEXT>
</MSG>
<MSG id='03B6D4E8' mid='li2050' type='Warning' suppressed=''>
<TEXT><![CDATA[Symbol '_vfwprintf' is defined in more than one library.
        Defined in:     libio.dlb[widechar.doj]
        Redefined in:   libc.dlb[vfwprint32.doj]
        Definition from libio.dlb[widechar.doj] will be used.]]></TEXT>
</MSG>
<MSG id='03B6D5D8' mid='li2050' type='Warning' suppressed=''>
<TEXT><![CDATA[Symbol '__vfwprintf64' is defined in more than one library.
        Defined in:     libio.dlb[widechar.doj]
        Redefined in:   libc.dlb[vfwprint64.doj]
        Definition from libio.dlb[widechar.doj] will be used.]]></TEXT>
</MSG>
<MSG id='03B6D6C8' mid='li2050' type='Warning' suppressed=''>
<TEXT><![CDATA[Symbol '_vprintf' is defined in more than one library.
        Defined in:     libio.dlb[vprintf_32.doj]
        Redefined in:   libc.dlb[vprintf32.doj]
        Definition from libio.dlb[vprintf_32.doj] will be used.]]></TEXT>
</MSG>
<MSG id='03B6D7B8' mid='li2050' type='Warning' suppressed=''>
<TEXT><![CDATA[Symbol '__vprintf64' is defined in more than one library.
        Defined in:     libio.dlb[vprintf_64.doj]
        Redefined in:   libc.dlb[vprintf64.doj]
        Definition from libio.dlb[vprintf_64.doj] will be used.]]></TEXT>
</MSG>
<MSG id='03B6D8A8' mid='li2050' type='Warning' suppressed=''>
<TEXT><![CDATA[Symbol '_vsnprintf' is defined in more than one library.
        Defined in:     libio.dlb[vsnprintf_32.doj]
        Redefined in:   libc.dlb[vsnprint32.doj]
        Definition from libio.dlb[vsnprintf_32.doj] will be used.]]></TEXT>
</MSG>
<MSG id='03B6D998' mid='li2050' type='Warning' suppressed=''>
<TEXT><![CDATA[Symbol '__vsnprintf64' is defined in more than one library.
        Defined in:     libio.dlb[vsnprintf_64.doj]
        Redefined in:   libc.dlb[vsnprint64.doj]
        Definition from libio.dlb[vsnprintf_64.doj] will be used.]]></TEXT>
</MSG>
<MSG id='03B6DA88' mid='li2050' type='Warning' suppressed=''>
<TEXT><![CDATA[Symbol '_vsprintf' is defined in more than one library.
        Defined in:     libio.dlb[vsprintf_32.doj]
        Redefined in:   libc.dlb[vsprintf32.doj]
        Definition from libio.dlb[vsprintf_32.doj] will be used.]]></TEXT>
</MSG>
<MSG id='03B6DB78' mid='li2050' type='Warning' suppressed=''>
<TEXT><![CDATA[Symbol '__vsprintf64' is defined in more than one library.
        Defined in:     libio.dlb[vsprintf_64.doj]
        Redefined in:   libc.dlb[vsprintf64.doj]
        Definition from libio.dlb[vsprintf_64.doj] will be used.]]></TEXT>
</MSG>
<MSG id='03B6DC68' mid='li2050' type='Warning' suppressed=''>
<TEXT><![CDATA[Symbol '_vswprintf' is defined in more than one library.
        Defined in:     libio.dlb[widechar.doj]
        Redefined in:   libc.dlb[vswprint32.doj]
        Definition from libio.dlb[widechar.doj] will be used.]]></TEXT>
</MSG>
<MSG id='03B6DD58' mid='li2050' type='Warning' suppressed=''>
<TEXT><![CDATA[Symbol '__vswprintf64' is defined in more than one library.
        Defined in:     libio.dlb[widechar.doj]
        Redefined in:   libc.dlb[vswprint64.doj]
        Definition from libio.dlb[widechar.doj] will be used.]]></TEXT>
</MSG>
<MSG id='03B6DE48' mid='li2050' type='Warning' suppressed=''>
<TEXT><![CDATA[Symbol '_vwprintf' is defined in more than one library.
        Defined in:     libio.dlb[widechar.doj]
        Redefined in:   libc.dlb[vwprintf32.doj]
        Definition from libio.dlb[widechar.doj] will be used.]]></TEXT>
</MSG>
<MSG id='03B6DF38' mid='li2050' type='Warning' suppressed=''>
<TEXT><![CDATA[Symbol '__vwprintf64' is defined in more than one library.
        Defined in:     libio.dlb[widechar.doj]
        Redefined in:   libc.dlb[vwprintf64.doj]
        Definition from libio.dlb[widechar.doj] will be used.]]></TEXT>
</MSG>
<MSG id='03B6E028' mid='li2050' type='Warning' suppressed=''>
<TEXT><![CDATA[Symbol '_wcrtomb' is defined in more than one library.
        Defined in:     libio.dlb[widechar.doj]
        Redefined in:   libc.dlb[wcrtomb.doj]
        Definition from libio.dlb[widechar.doj] will be used.]]></TEXT>
</MSG>
<MSG id='03B6E118' mid='li2050' type='Warning' suppressed=''>
<TEXT><![CDATA[Symbol '_wcscat' is defined in more than one library.
        Defined in:     libio.dlb[widechar.doj]
        Redefined in:   libc.dlb[wcscat.doj]
        Definition from libio.dlb[widechar.doj] will be used.]]></TEXT>
</MSG>
<MSG id='03B6E208' mid='li2050' type='Warning' suppressed=''>
<TEXT><![CDATA[Symbol '_wcscmp' is defined in more than one library.
        Defined in:     libio.dlb[widechar.doj]
        Redefined in:   libc.dlb[wcscmp.doj]
        Definition from libio.dlb[widechar.doj] will be used.]]></TEXT>
</MSG>
<MSG id='03B8D060' mid='li2050' type='Warning' suppressed=''>
<TEXT><![CDATA[Symbol '_wcscoll' is defined in more than one library.
        Defined in:     libio.dlb[widechar.doj]
        Redefined in:   libc.dlb[wcscoll.doj]
        Definition from libio.dlb[widechar.doj] will be used.]]></TEXT>
</MSG>
<MSG id='03B8D150' mid='li2050' type='Warning' suppressed=''>
<TEXT><![CDATA[Symbol '_wcscpy' is defined in more than one library.
        Defined in:     libio.dlb[widechar.doj]
        Redefined in:   libc.dlb[wcscpy.doj]
        Definition from libio.dlb[widechar.doj] will be used.]]></TEXT>
</MSG>
<MSG id='03B8D240' mid='li2050' type='Warning' suppressed=''>
<TEXT><![CDATA[Symbol '_wcscspn' is defined in more than one library.
        Defined in:     libio.dlb[widechar.doj]
        Redefined in:   libc.dlb[wcscspn.doj]
        Definition from libio.dlb[widechar.doj] will be used.]]></TEXT>
</MSG>
<MSG id='03B8D330' mid='li2050' type='Warning' suppressed=''>
<TEXT><![CDATA[Symbol '_wcslen' is defined in more than one library.
        Defined in:     libio.dlb[widechar.doj]
        Redefined in:   libc.dlb[wcslen.doj]
        Definition from libio.dlb[widechar.doj] will be used.]]></TEXT>
</MSG>
<MSG id='03B8D420' mid='li2050' type='Warning' suppressed=''>
<TEXT><![CDATA[Symbol '_wcsncat' is defined in more than one library.
        Defined in:     libio.dlb[widechar.doj]
        Redefined in:   libc.dlb[wcsncat.doj]
        Definition from libio.dlb[widechar.doj] will be used.]]></TEXT>
</MSG>
<MSG id='03B8D510' mid='li2050' type='Warning' suppressed=''>
<TEXT><![CDATA[Symbol '_wcsncpy' is defined in more than one library.
        Defined in:     libio.dlb[widechar.doj]
        Redefined in:   libc.dlb[wcsncpy.doj]
        Definition from libio.dlb[widechar.doj] will be used.]]></TEXT>
</MSG>
<MSG id='03B8D600' mid='li2050' type='Warning' suppressed=''>
<TEXT><![CDATA[Symbol '_wcsrtombs' is defined in more than one library.
        Defined in:     libio.dlb[widechar.doj]
        Redefined in:   libc.dlb[wcsrtomb.doj]
        Definition from libio.dlb[widechar.doj] will be used.]]></TEXT>
</MSG>
<MSG id='03B8D6F0' mid='li2050' type='Warning' suppressed=''>
<TEXT><![CDATA[Symbol '_wcstol' is defined in more than one library.
        Defined in:     libio.dlb[widechar.doj]
        Redefined in:   libc.dlb[wcstol.doj]
        Definition from libio.dlb[widechar.doj] will be used.]]></TEXT>
</MSG>
<MSG id='03B8D7E0' mid='li2050' type='Warning' suppressed=''>
<TEXT><![CDATA[Symbol '_wcstoul' is defined in more than one library.
        Defined in:     libio.dlb[widechar.doj]
        Redefined in:   libc.dlb[wcstoul.doj]
        Definition from libio.dlb[widechar.doj] will be used.]]></TEXT>
</MSG>
<MSG id='03B8D8D0' mid='li2050' type='Warning' suppressed=''>
<TEXT><![CDATA[Symbol '_wcsxfrm' is defined in more than one library.
        Defined in:     libio.dlb[widechar.doj]
        Redefined in:   libc.dlb[wcsxfrm.doj]
        Definition from libio.dlb[widechar.doj] will be used.]]></TEXT>
</MSG>
<MSG id='03B8D9C0' mid='li2050' type='Warning' suppressed=''>
<TEXT><![CDATA[Symbol '_wctob' is defined in more than one library.
        Defined in:     libio.dlb[widechar.doj]
        Redefined in:   libc.dlb[wctob.doj]
        Definition from libio.dlb[widechar.doj] will be used.]]></TEXT>
</MSG>
<MSG id='03B8DAB0' mid='li2050' type='Warning' suppressed=''>
<TEXT><![CDATA[Symbol '_wmemcmp' is defined in more than one library.
        Defined in:     libio.dlb[widechar.doj]
        Redefined in:   libc.dlb[wmemcmp.doj]
        Definition from libio.dlb[widechar.doj] will be used.]]></TEXT>
</MSG>
<MSG id='03B8DBA0' mid='li2050' type='Warning' suppressed=''>
<TEXT><![CDATA[Symbol '_wmemcpy' is defined in more than one library.
        Defined in:     libio.dlb[widechar.doj]
        Redefined in:   libc.dlb[wmemcpy.doj]
        Definition from libio.dlb[widechar.doj] will be used.]]></TEXT>
</MSG>
<MSG id='03B8DC90' mid='li2050' type='Warning' suppressed=''>
<TEXT><![CDATA[Symbol '_wmemmove' is defined in more than one library.
        Defined in:     libio.dlb[widechar.doj]
        Redefined in:   libc.dlb[wmemmove.doj]
        Definition from libio.dlb[widechar.doj] will be used.]]></TEXT>
</MSG>
<MSG id='03B8DD80' mid='li2050' type='Warning' suppressed=''>
<TEXT><![CDATA[Symbol '_wmemset' is defined in more than one library.
        Defined in:     libio.dlb[widechar.doj]
        Redefined in:   libc.dlb[wmemset.doj]
        Definition from libio.dlb[widechar.doj] will be used.]]></TEXT>
</MSG>
<MSG id='03B8DE70' mid='li2050' type='Warning' suppressed=''>
<TEXT><![CDATA[Symbol '_wprintf' is defined in more than one library.
        Defined in:     libio.dlb[widechar.doj]
        Redefined in:   libc.dlb[wprintf32.doj]
        Definition from libio.dlb[widechar.doj] will be used.]]></TEXT>
</MSG>
<MSG id='03B8DF60' mid='li2050' type='Warning' suppressed=''>
<TEXT><![CDATA[Symbol '__wprintf64' is defined in more than one library.
        Defined in:     libio.dlb[widechar.doj]
        Redefined in:   libc.dlb[wprintf64.doj]
        Definition from libio.dlb[widechar.doj] will be used.]]></TEXT>
</MSG>
<MSG id='03B8E050' mid='li2050' type='Warning' suppressed=''>
<TEXT><![CDATA[Symbol '_wscanf' is defined in more than one library.
        Defined in:     libio.dlb[widechar.doj]
        Redefined in:   libc.dlb[wscanf32.doj]
        Definition from libio.dlb[widechar.doj] will be used.]]></TEXT>
</MSG>
<MSG id='03B8E140' mid='li2050' type='Warning' suppressed=''>
<TEXT><![CDATA[Symbol '__wscanf64' is defined in more than one library.
        Defined in:     libio.dlb[widechar.doj]
        Redefined in:   libc.dlb[wscanf64.doj]
        Definition from libio.dlb[widechar.doj] will be used.]]></TEXT>
</MSG>
<MSG id='03B8E230' mid='li2050' type='Warning' suppressed=''>
<TEXT><![CDATA[Symbol '__Files' is defined in more than one library.
        Defined in:     libio.dlb[xfiles.doj]
        Redefined in:   libc.dlb[xfiles.doj]
        Definition from libio.dlb[xfiles.doj] will be used.]]></TEXT>
</MSG>
<MSG id='03B8E320' mid='li2050' type='Warning' suppressed=''>
<TEXT><![CDATA[Symbol '__Stderr' is defined in more than one library.
        Defined in:     libio.dlb[xfiles.doj]
        Redefined in:   libc.dlb[xfiles.doj]
        Definition from libio.dlb[xfiles.doj] will be used.]]></TEXT>
</MSG>
<MSG id='03B8E410' mid='li2050' type='Warning' suppressed=''>
<TEXT><![CDATA[Symbol '__Stdin' is defined in more than one library.
        Defined in:     libio.dlb[xfiles.doj]
        Redefined in:   libc.dlb[xfiles.doj]
        Definition from libio.dlb[xfiles.doj] will be used.]]></TEXT>
</MSG>
<MSG id='03B8E500' mid='li2050' type='Warning' suppressed=''>
<TEXT><![CDATA[Symbol '__Stdout' is defined in more than one library.
        Defined in:     libio.dlb[xfiles.doj]
        Redefined in:   libc.dlb[xfiles.doj]
        Definition from libio.dlb[xfiles.doj] will be used.]]></TEXT>
</MSG>
<MSG id='03B8E5F0' mid='li2050' type='Warning' suppressed=''>
<TEXT><![CDATA[Symbol '_raise_interrupt' is defined in more than one library.
        Defined in:     libsmall.dlb[raiseint_s.doj]
        Redefined in:   libevent.dlb[raiseint.doj]
        Definition from libsmall.dlb[raiseint_s.doj] will be used.]]></TEXT>
</MSG>
<MSG id='03B8E6E0' mid='li2050' type='Warning' suppressed=''>
<TEXT><![CDATA[Symbol '_register_handler' is defined in more than one library.
        Defined in:     libsmall.dlb[reghdlr_s.doj]
        Redefined in:   libevent.dlb[reghdlr.doj]
        Definition from libsmall.dlb[reghdlr_s.doj] will be used.]]></TEXT>
</MSG>
</DOCUMENT>
